{"cameraMode":{"drawMode":0,"name":"Shaded","section":"Shading Mode"},"sceneLighting":false,"audioPlay":false,"sceneViewState":{"showFog":true,"showMaterialUpdate":true,"showSkybox":false,"showFlares":true,"showImageEffects":true,"showParticleSystems":true},"in2DMode":false,"pivot":{"x":27.91948699951172,"y":46.31970977783203,"z":-23.708051681518556},"rotation":{"x":-0.040869005024433139,"y":0.9523845911026001,"z":-0.1507292240858078,"w":-0.26268094778060915},"size":8.807596206665039,"orthographic":false}