{"cameraMode":{"drawMode":0,"name":"Shaded","section":"Shading Mode"},"sceneLighting":true,"audioPlay":false,"sceneViewState":{"showFog":true,"showMaterialUpdate":true,"showSkybox":true,"showFlares":true,"showImageEffects":true,"showParticleSystems":true},"in2DMode":false,"pivot":{"x":10.907920837402344,"y":8.629531860351563,"z":-9.04771614074707},"rotation":{"x":-0.11786096543073654,"y":0.10687840729951859,"z":-0.012711959891021252,"w":-0.9875586032867432},"size":6.356237888336182,"orthographic":false}