{"cameraMode":{"drawMode":0,"name":"Shaded","section":"Shading Mode"},"sceneLighting":true,"audioPlay":false,"sceneViewState":{"showFog":true,"showMaterialUpdate":true,"showSkybox":true,"showFlares":true,"showImageEffects":true,"showParticleSystems":true},"in2DMode":false,"pivot":{"x":6.6426005363464359,"y":0.9779874086380005,"z":-10.781435012817383},"rotation":{"x":-0.16069550812244416,"y":-0.6929965615272522,"z":0.16152362525463105,"w":-0.6843070983886719},"size":8.866118431091309,"orthographic":false}