{"cameraMode":{"drawMode":0,"name":"Shaded","section":"Shading Mode"},"sceneLighting":false,"audioPlay":false,"sceneViewState":{"showFog":true,"showMaterialUpdate":true,"showSkybox":false,"showFlares":true,"showImageEffects":true,"showParticleSystems":true},"in2DMode":false,"pivot":{"x":27.93000030517578,"y":46.29999923706055,"z":-23.69000244140625},"rotation":{"x":0.015126730315387249,"y":0.9188923835754395,"z":-0.03353070467710495,"w":0.3933325409889221},"size":60.015567779541019,"orthographic":false}