{"cameraMode":{"drawMode":0,"name":"Shaded","section":"Shading Mode"},"sceneLighting":false,"audioPlay":false,"sceneViewState":{"showFog":false,"showMaterialUpdate":false,"showSkybox":false,"showFlares":false,"showImageEffects":false,"showParticleSystems":false},"in2DMode":false,"pivot":{"x":20.80718994140625,"y":0.6271617412567139,"z":-5.590672492980957},"rotation":{"x":0.17905524373054505,"y":0.3874364495277405,"z":-0.07614278793334961,"w":0.9013645052909851},"size":8.85434341430664,"orthographic":false}