{"cameraMode":{"drawMode":0,"name":"Shaded","section":"Shading Mode"},"sceneLighting":false,"audioPlay":false,"sceneViewState":{"showFog":true,"showMaterialUpdate":true,"showSkybox":false,"showFlares":true,"showImageEffects":true,"showParticleSystems":true},"in2DMode":false,"pivot":{"x":3.021681785583496,"y":5.885427474975586,"z":-3.5443649291992189},"rotation":{"x":0.16941049695014954,"y":0.35427308082580569,"z":-0.06460268050432205,"w":0.9176273345947266},"size":22.0,"orthographic":false}