{"cameraMode":{"drawMode":0,"name":"Shaded","section":"Shading Mode"},"sceneLighting":false,"audioPlay":false,"sceneViewState":{"showFog":true,"showMaterialUpdate":true,"showSkybox":false,"showFlares":true,"showImageEffects":true,"showParticleSystems":true},"in2DMode":false,"pivot":{"x":0.05988502502441406,"y":0.7615165710449219,"z":0.19712114334106446},"rotation":{"x":0.30064696073532107,"y":0.2030753344297409,"z":-0.06387486308813095,"w":0.9301074743270874},"size":3.3684070110321047,"orthographic":false}