{"cameraMode":{"drawMode":0,"name":"Shaded","section":"Shading Mode"},"sceneLighting":false,"audioPlay":false,"sceneViewState":{"showFog":true,"showMaterialUpdate":true,"showSkybox":false,"showFlares":true,"showImageEffects":true,"showParticleSystems":true},"in2DMode":false,"pivot":{"x":1.5161244869232178,"y":1.2393879890441895,"z":6.70589542388916},"rotation":{"x":0.19224245846271516,"y":0.3416345715522766,"z":-0.07079354673624039,"w":0.9174642562866211},"size":2.579749584197998,"orthographic":false}