{"cameraMode":{"drawMode":0,"name":"Shaded","section":"Shading Mode"},"sceneLighting":true,"audioPlay":false,"sceneViewState":{"showFog":true,"showMaterialUpdate":true,"showSkybox":false,"showFlares":true,"showImageEffects":true,"showParticleSystems":true},"in2DMode":false,"pivot":{"x":195.0,"y":-33.27826690673828,"z":-101.19998931884766},"rotation":{"x":0.16941049695014954,"y":0.35427308082580569,"z":-0.06460268050432205,"w":0.9176273345947266},"size":108.04712677001953,"orthographic":false}